-- Jade Forest Rare creature spawns
DELETE FROM `creature` WHERE `guid` IN (987726, 1005854, 1009330, 1004771, 1009334, 987692);
INSERT INTO `creature` (`guid`, `id`, `map`, `zoneId`, `areaId`, `spawnMask`, `phaseMask`, `modelid`, `equipment_id`, `position_x`, `position_y`, `position_z`, `orientation`, `spawntimesecs`, `spawndist`, `currentwaypoint`, `curhealth`, `curmana`, `MovementType`, `npcflag`, `npcflag2`, `unit_flags`, `unit_flags2`, `dynamicflags`, `isActive`, `protec_anti_doublet`) VALUES
(987726, 50338, 870, 5785, 5854, 1, 65535, 0, 0, 290.655, -1634.91, 70.7204, 5.64345, 28800, 0, 0, 16, 0, 0, 0, 0, 0, 0, 0, 0, NULL),
(1005854, 50350, 870, 5785, 5879, 1, 65535, 0, 50350, 2841.71, -1498.3, 278.482, 1.62247, 300, 0, 0, 123984, 0, 0, 0, 0, 0, 0, 0, 0, NULL),
(1009330, 50363, 870, 5785, 6110, 1, 65535, 0, 50363, 733.891, -1311.67, 223.981, 4.84516, 300, 0, 0, 249600, 0, 0, 0, 0, 0, 0, 0, 0, NULL),
(1004771, 50782, 870, 5785, 5964, 1, 1, 0, 50782, 205.397, -3041.06, 24.8274, 4.42685, 300, 0, 0, 619920, 0, 0, 0, 0, 0, 0, 0, 0, NULL),
(1009334, 50808, 870, 5785, 5891, 1, 1, 0, 50808, 315.286, -2555.65, 43.6005, 1.42988, 300, 0, 0, 123984, 0, 0, 0, 0, 0, 0, 0, 0, NULL),
(987692, 50823, 870, 5785, 5836, 1, 65535, 0, 0, 1849.73, -1522.3, 215.51, 5.27629, 28800, 0, 0, 16, 0, 0, 0, 0, 0, 0, 0, 0, NULL);
-- -- Jade Forest Rare creature templates
DELETE FROM `creature_template` WHERE `entry` IN (50338, 50350, 50363, 50750, 50782, 50808, 50823);
INSERT INTO `creature_template` (`entry`, `difficulty_entry_1`, `difficulty_entry_2`, `difficulty_entry_3`, `difficulty_entry_4`, `difficulty_entry_5`, `difficulty_entry_6`, `difficulty_entry_7`, `difficulty_entry_8`, `difficulty_entry_9`, `difficulty_entry_10`, `difficulty_entry_11`, `difficulty_entry_12`, `difficulty_entry_13`, `difficulty_entry_14`, `difficulty_entry_15`, `KillCredit1`, `KillCredit2`, `modelid1`, `modelid2`, `modelid3`, `modelid4`, `name`, `subname`, `IconName`, `gossip_menu_id`, `minlevel`, `maxlevel`, `exp`, `exp_unk`, `faction_A`, `faction_H`, `npcflag`, `npcflag2`, `speed_walk`, `speed_run`, `speed_fly`, `speed_swim`, `scale`, `rank`, `mindmg`, `maxdmg`, `dmgschool`, `attackpower`, `dmg_multiplier`, `baseattacktime`, `rangeattacktime`, `unit_class`, `unit_flags`, `unit_flags2`, `dynamicflags`, `family`, `trainer_type`, `trainer_spell`, `trainer_class`, `trainer_race`, `minrangedmg`, `maxrangedmg`, `rangedattackpower`, `type`, `type_flags`, `type_flags2`, `lootid`, `pickpocketloot`, `skinloot`, `resistance1`, `resistance2`, `resistance3`, `resistance4`, `resistance5`, `resistance6`, `spell1`, `spell2`, `spell3`, `spell4`, `spell5`, `spell6`, `spell7`, `spell8`, `PetSpellDataId`, `VehicleId`, `mingold`, `maxgold`, `AIName`, `MovementType`, `InhabitType`, `HoverHeight`, `Health_mod`, `Mana_mod`, `Mana_mod_extra`, `Armor_mod`, `RacialLeader`, `questItem1`, `questItem2`, `questItem3`, `questItem4`, `questItem5`, `questItem6`, `movementId`, `RegenHealth`, `equipment_id`, `mechanic_immune_mask`, `flags_extra`, `ScriptName`, `WDBVerified`) VALUES
(50338, 0, 0, 0, 0, 0, 0, 0, 0, 0, 0, 0, 0, 0, 0, 0, 0, 0, 44274, 0, 0, 0, 'Kor\'nas Nightsavage', '', '', 0, 85, 85, 4, 0, 14, 14, 0, 0, 1, 1.14286, 1.14286, 1.14286, 1, 4, 3796, 8289, 0, 42296, 14.5798, 0, 0, 2, 32832, 2048, 0, 0, 0, 0, 0, 0, 0, 0, 0, 7, 2097224, 0, 50338, 0, 0, 0, 0, 0, 0, 0, 0, 0, 0, 0, 0, 0, 0, 0, 0, 0, 0, 0, 0, '', 0, 3, 1, 40.5555, 1, 1, 1, 0, 0, 0, 0, 0, 0, 0, 0, 1, 50338, 0, 0, 'mob_kor_nas_nightsavage', 16048),
(50350, 0, 0, 0, 0, 0, 0, 0, 0, 0, 0, 0, 0, 0, 0, 0, 0, 0, 44346, 0, 0, 0, 'Morgrinn Crackfang', '', '', 0, 85, 85, 3, 0, 14, 14, 0, 0, 1, 1.14286, 1.14286, 1.14286, 1, 4, 850, 950, 0, 95, 245, 2000, 2000, 1, 32832, 2048, 0, 0, 0, 0, 0, 0, 0, 0, 0, 7, 2097224, 0, 50350, 0, 0, 0, 0, 0, 0, 0, 0, 0, 0, 0, 0, 0, 0, 0, 0, 0, 0, 0, 0, '', 0, 3, 1, 8, 1, 1, 1, 0, 0, 0, 0, 0, 0, 0, 841, 1, 50350, 0, 0, 'mob_morgrinn_crackfang', 16048),
(50363, 0, 0, 0, 0, 0, 0, 0, 0, 0, 0, 0, 0, 0, 0, 0, 0, 0, 44394, 0, 0, 0, 'Krax\'ik', '', '', 0, 85, 85, 4, 0, 14, 14, 0, 0, 1, 0.992063, 1.14286, 1.14286, 1, 4, 3796, 8289, 0, 42296, 12, 1500, 2000, 1, 32832, 2048, 8, 0, 0, 0, 0, 0, 0, 0, 0, 7, 2097224, 0, 50363, 0, 0, 0, 0, 0, 0, 0, 0, 0, 0, 0, 0, 0, 0, 0, 0, 0, 0, 0, 0, '', 0, 3, 1, 40.1624, 1, 1, 1, 0, 0, 0, 0, 0, 0, 0, 0, 1, 50363, 0, 0, 'mob_krax_ik', 16048),
(50750, 0, 0, 0, 0, 0, 0, 0, 0, 0, 0, 0, 0, 0, 0, 0, 0, 0, 44203, 0, 0, 0, 'Aethis', '', '', 0, 85, 85, 3, 0, 190, 190, 0, 0, 1, 1.14286, 1.14286, 1.14286, 1, 4, 425, 510, 0, 43, 195, 2000, 2000, 1, 32832, 2048, 0, 0, 0, 0, 0, 0, 425, 510, 43, 7, 2097224, 0, 50750, 0, 0, 0, 0, 0, 0, 0, 0, 0, 0, 0, 0, 0, 0, 0, 0, 0, 0, 0, 0, '', 0, 3, 1, 81.1231, 1, 1, 1, 0, 0, 0, 0, 0, 0, 0, 841, 1, 50750, 0, 0, 'mob_aethis', 16048),
(50782, 0, 0, 0, 0, 0, 0, 0, 0, 0, 0, 0, 0, 0, 0, 0, 0, 0, 44255, 0, 0, 0, 'Sarnak', '', '', 0, 85, 85, 3, 0, 14, 14, 0, 0, 1, 1.14286, 1.14286, 1.14286, 1, 4, 425, 510, 0, 43, 195, 2000, 2000, 1, 32832, 2048, 0, 0, 0, 0, 0, 0, 425, 510, 43, 7, 2097224, 0, 50782, 0, 0, 0, 0, 0, 0, 0, 0, 0, 0, 0, 0, 0, 0, 0, 0, 0, 0, 0, 0, '', 0, 3, 1, 81.1231, 1, 1, 1, 0, 0, 0, 0, 0, 0, 0, 841, 1, 50782, 0, 0, 'mob_sarnak', 16048),
(50808, 0, 0, 0, 0, 0, 0, 0, 0, 0, 0, 0, 0, 0, 0, 0, 0, 0, 44362, 0, 0, 0, 'Urobi the Walker', '', '', 0, 85, 85, 3, 0, 190, 190, 0, 0, 1, 1.14286, 1.14286, 1.14286, 1, 4, 425, 510, 0, 43, 195, 2000, 2000, 1, 32832, 2048, 8, 0, 0, 0, 0, 0, 425, 510, 43, 7, 2097224, 0, 50808, 0, 0, 0, 0, 0, 0, 0, 0, 0, 0, 0, 0, 0, 0, 0, 0, 0, 0, 0, 0, '', 0, 3, 1, 81.5892, 1, 1, 1, 0, 0, 0, 0, 0, 0, 0, 841, 1, 50808, 0, 0, 'mob_urobi_walker', 16048),
(50823, 0, 0, 0, 0, 0, 0, 0, 0, 0, 0, 0, 0, 0, 0, 0, 0, 0, 44236, 0, 0, 0, 'Mister Ferocious', '', '', 0, 85, 85, 4, 0, 14, 14, 0, 0, 1, 1.14286, 1.14286, 1.14286, 1, 4, 3796, 8289, 0, 42296, 10, 0, 0, 1, 32832, 2048, 0, 0, 0, 0, 0, 0, 0, 0, 0, 7, 2097224, 0, 50823, 0, 0, 0, 0, 0, 0, 0, 0, 0, 0, 0, 0, 0, 0, 0, 0, 0, 0, 0, 0, '', 0, 3, 1, 40.5555, 1, 1, 1, 0, 0, 0, 0, 0, 0, 0, 841, 1, 0, 0, 0, 'mob_mister_ferocious', 16048);
-- Jade Forest Rare creature addons
DELETE FROM `creature_addon` WHERE `guid` IN (50350, 50363, 50808);
INSERT INTO `creature_addon` (`guid`, `path_id`, `mount`, `bytes1`, `bytes2`, `emote`, `auras`) VALUES
(50350, 0, 0, 0, 0, 455, NULL),
(50363, 0, 0, 0, 0, 333, NULL),
(50808, 0, 0, 0, 0, 455, NULL);
-- Jade Forest Rare creature texts
DELETE FROM `creature_text` WHERE `entry` IN (50338, 50350, 50363, 50750, 50782, 50808, 50823);
INSERT INTO `creature_text` (`entry`, `groupid`, `id`, `text`, `type`, `language`, `probability`, `emote`, `duration`, `sound`, `comment`) VALUES
(50338, 0, 0, 'The night is dark and savage.', 12, 0, 100, 0, 0, 0, 'Kor\'nas - SAY_AGGRO'),
(50350, 3, 0, 'Break them.', 12, 0, 100, 0, 0, 0, 'Morgrinn - SAY_AGGRO'),
(50363, 1, 0, 'No! I must report back to Her!', 12, 0, 100, 0, 0, 0, 'Krax\'ik - SAY_AGGRO'),
(50750, 5, 0, 'The pool stirs', 12, 0, 100, 0, 0, 0, 'Aethis - SAY_AGGRO'),
(50782, 6, 0, 'You die!', 12, 0, 100, 0, 0, 0, 'Sarnak - SAY_AGGRO'),
(50808, 7, 0, 'You brough strife to our lands! I will bring strife to you now!', 12, 0, 100, 0, 0, 0, 'Urobi - SAY_AGGRO'),
(50823, 2, 0, 'Gonna ook you!', 12, 0, 100, 0, 0, 0, 'Mister Ferocious - SAY_AGGRO');
